{"type":"Topology","arcs":[[[664,399],[0,-14]],[[664,385],[14,-55]],[[678,330],[-65,-55],[-19,-73]],[[594,202],[-40,70],[-10,79]],[[544,351],[57,39]],[[601,390],[63,9]],[[597,176],[64,-39]],[[661,137],[-35,-40],[-43,-16]],[[583,81],[-54,-6],[-77,67]],[[452,142],[17,53]],[[469,195],[41,16],[26,-31],[61,-4]],[[594,202],[3,-26]],[[469,195],[-29,38],[-21,110]],[[419,343],[95,4]],[[514,347],[30,4]],[[324,299],[13,-77],[-6,-69]],[[331,153],[-60,-62]],[[271,91],[-39,32],[-9,84]],[[223,207],[25,79],[48,29],[28,-16]],[[419,345],[0,-2]],[[452,142],[-24,-25]],[[428,117],[-41,32],[-56,4]],[[324,299],[-2,45]],[[322,344],[97,1]],[[428,117],[13,-116]],[[441,1],[-150,57]],[[291,58],[-20,33]],[[583,81],[18,-47],[-45,-34],[-115,1]],[[147,291],[-35,43]],[[112,334],[34,44],[50,-15],[-49,-72]],[[166,441],[36,-26],[54,2]],[[256,417],[29,-66],[37,-7]],[[223,207],[-43,-18]],[[180,189],[-43,65]],[[137,254],[10,37]],[[112,334],[-50,45]],[[62,379],[38,68]],[[100,447],[66,-6]],[[137,254],[-58,-3],[-64,64]],[[15,315],[-2,44],[18,13],[31,7]],[[428,445],[77,-35],[9,-63]],[[419,345],[-23,54],[32,46]],[[435,469],[-7,-24]],[[256,417],[8,36]],[[264,453],[114,23],[57,-7]],[[364,582],[98,-16]],[[462,566],[-27,-97]],[[264,453],[32,31],[-17,58],[34,41]],[[313,583],[51,-1]],[[493,562],[19,-61],[65,-23]],[[577,478],[24,-88]],[[462,566],[31,-4]],[[200,600],[-11,-59],[-35,-73],[12,-27]],[[100,447],[-40,47]],[[60,494],[51,109]],[[111,603],[89,-3]],[[284,582],[29,1]],[[200,600],[84,-18]],[[180,189],[-87,-3],[-14,-19]],[[79,167],[-35,17],[-19,17],[-25,38],[26,22],[-11,54]],[[104,664],[7,-61]],[[60,494],[-11,4],[-48,96],[18,50],[36,50],[49,-30]],[[870,366],[-59,-70],[80,-137],[-76,-16],[-41,44],[-35,-2]],[[739,185],[6,60],[-67,85]],[[664,385],[86,7]],[[750,392],[120,-26]],[[739,185],[-33,-26],[-45,-22]],[[731,569],[-43,-69]],[[688,500],[-20,-16],[-65,46]],[[603,530],[33,98]],[[636,628],[95,-59]],[[688,500],[6,-38],[-30,-63]],[[577,478],[26,52]],[[763,561],[34,-23]],[[797,538],[-13,-4],[-34,-142]],[[731,569],[32,-8]],[[979,578],[-19,-85],[-58,-6]],[[902,487],[-35,2],[-70,49]],[[763,561],[75,76]],[[838,637],[40,-6],[45,-48],[56,-5]],[[902,487],[-32,-121]],[[771,669],[67,-32]],[[636,628],[-10,25]],[[626,653],[13,2],[96,27],[36,-13]],[[493,562],[39,11],[94,80]],[[291,58],[-90,-41],[-111,-9],[4,44],[7,37],[-17,46],[-5,32]]],"transform":{"scale":[0.006366700715015327,0.0042132564841498655],"translate":[22.345,41.304]},"objects":{"units":{"type":"GeometryCollection","geometries":[{"arcs":[[0,1,2,3,4,5]],"type":"Polygon","properties":{"name":"Sliven","fips":"BU39"}},{"arcs":[[6,7,8,9,10]],"type":"Polygon","properties":{"name":"Haskovo","fips":"BU43"}},{"arcs":[[-4,11,-11,12,13,14]],"type":"Polygon","properties":{"name":"Stara Zagora","fips":"BU43"}},{"arcs":[[15,16,17,18]],"type":"Polygon","properties":{"name":"Pazardzhik","fips":"BU51"}},{"arcs":[[19,-13,-10,20,21,-16,22,23]],"type":"Polygon","properties":{"name":"Plovdiv","fips":"BU51"}},{"arcs":[[24,25,26,-17,-22]],"type":"Polygon","properties":{"name":"Smolyan","fips":"BU51"}},{"arcs":[[-9,27,-25,-21]],"type":"Polygon","properties":{"name":"Kardzhali","fips":"GR01"}},{"arcs":[[28,29]],"type":"Polygon","properties":{"name":"Grad Sofiya","fips":"BU42"}},{"arcs":[[30,31,-23,-19,32,33,34,-30,35,36,37]],"type":"Polygon","properties":{"name":"Sofia","fips":"BU42"}},{"arcs":[[-29,-35,38,39,-36]],"type":"Polygon","properties":{"name":"Pernik","fips":"BU58"}},{"arcs":[[40,-14,-20,41]],"type":"Polygon","properties":{"name":"Gabrovo","fips":"BU46"}},{"arcs":[[42,-42,-24,-32,43,44]],"type":"Polygon","properties":{"name":"Lovech","fips":"BU46"}},{"arcs":[[45,46,-45,47,48]],"type":"Polygon","properties":{"name":"Pleven","fips":"BU46"}},{"arcs":[[49,50,-5,-15,-41,-43,-47,51]],"type":"Polygon","properties":{"name":"Veliko Tarnovo","fips":"BU46"}},{"arcs":[[52,-38,53,54,55]],"type":"Polygon","properties":{"name":"Montana","fips":"BU47"}},{"arcs":[[56,-48,-44,-31,-53,57]],"type":"Polygon","properties":{"name":"Vratsa","fips":"BU47"}},{"arcs":[[-34,58,59,-39]],"type":"Polygon","properties":{"name":"Kyustendil","fips":"BU58"}},{"arcs":[[60,-55,61]],"type":"Polygon","properties":{"name":"Vidin","fips":"BU47"}},{"arcs":[[62,63,-2,64,65]],"type":"Polygon","properties":{"name":"Burgas","fips":"BU39"}},{"arcs":[[66,-7,-12,-3,-64]],"type":"Polygon","properties":{"name":"Yambol","fips":"BU39"}},{"arcs":[[67,68,69,70]],"type":"Polygon","properties":{"name":"Razgrad","fips":"BU52"}},{"arcs":[[71,-6,-51,72,-69]],"type":"Polygon","properties":{"name":"Targovishte","fips":"BU52"}},{"arcs":[[73,74,-65,-1,-72,-68,75]],"type":"Polygon","properties":{"name":"Shumen","fips":"BU61"}},{"arcs":[[76,77,-74,78,79]],"type":"Polygon","properties":{"name":"Dobrich","fips":"BU61"}},{"arcs":[[80,-66,-75,-78]],"type":"Polygon","properties":{"name":"Varna","fips":"BU61"}},{"arcs":[[81,-79,-76,-71,82,83]],"type":"Polygon","properties":{"name":"Silistra","fips":"RO41"}},{"arcs":[[-70,-73,-50,84,-83]],"type":"Polygon","properties":{"name":"Ruse","fips":"BU52"}},{"arcs":[[-18,-27,85,-59,-33]],"type":"Polygon","properties":{"name":"Blagoevgrad","fips":"MK78"}}]}}}