{"type":"Topology","objects":{"units":{"type":null}},"arcs":[],"transform":{"scale":[0.000007569116311630899,0.000004716454645461528],"translate":[-62.8673396479999,17.88198476800008]}}