{"type":"Topology","arcs":[[[486,1442],[19,-29],[44,-2],[25,-93],[101,-69]],[[675,1249],[36,-81],[34,-39],[9,-76],[-18,-40]],[[736,1013],[-44,6],[-30,49],[-84,15],[9,43],[-22,48],[-50,22],[-25,-77],[5,-46],[-35,-6],[13,-74]],[[473,993],[-55,26],[-61,132],[-18,-29],[-45,10]],[[294,1132],[-8,106],[10,67],[-19,68],[43,8],[-14,47]],[[306,1428],[23,47],[50,18],[4,-100],[26,-6],[33,53],[44,2]],[[294,1132],[-25,-38],[-36,12],[-15,-32],[7,-82]],[[225,992],[-88,130]],[[137,1122],[-51,77],[-14,42],[1,89],[26,50],[44,57],[38,6],[19,-43],[61,-14],[-3,34],[48,8]],[[225,992],[16,-127]],[[241,865],[-65,-13],[-27,-22],[-46,44]],[[103,874],[-48,52],[11,58],[36,1],[31,-26],[13,52],[-42,42],[6,54],[27,15]],[[241,865],[2,-64]],[[243,801],[1,-188]],[[244,613],[-37,8],[-84,-28],[-20,27],[-56,-88],[-19,16]],[[28,548],[25,86],[-32,128],[40,-3],[26,113],[16,2]],[[473,993],[41,-76],[-12,-26],[-50,-24],[-9,-60]],[[443,807],[-48,-30]],[[395,777],[-23,37],[-60,2],[-69,-15]],[[464,691],[27,-50],[-6,-40],[18,-56]],[[503,545],[-51,-36],[-47,7]],[[405,516],[-20,50],[-5,67],[42,36],[-45,29],[-13,53],[31,26]],[[443,807],[21,-116]],[[503,545],[32,-65]],[[535,480],[-5,-35]],[[530,445],[-76,-6],[-8,-55],[-43,-68]],[[403,316],[-26,24],[-29,125]],[[348,465],[48,17],[9,34]],[[348,465],[-71,-11],[-22,71]],[[255,525],[-11,88]],[[530,445],[37,-26],[11,-75],[-23,-134],[-23,-1]],[[532,209],[-15,-8],[-16,-22],[-68,-17]],[[433,162],[18,59],[-13,67],[-35,28]],[[433,162],[-165,-88],[-86,-74],[-13,2],[-10,110],[4,57],[29,73],[-2,35],[-1,28]],[[189,305],[50,15],[-2,189],[18,16]],[[851,1320],[80,-100],[14,-167],[15,-136],[-52,-92],[-16,-58],[-7,-90],[-18,-34]],[[867,643],[-6,23],[-63,44]],[[798,710],[-1,38],[-43,58],[-30,68]],[[724,874],[12,139]],[[675,1249],[8,32],[59,36],[36,13],[73,-10]],[[724,874],[-81,-54],[-21,-68]],[[622,752],[-39,5],[-59,-70],[-60,4]],[[809,354],[-39,17],[-34,-68],[-59,-5],[-55,61],[31,87]],[[653,446],[49,2],[9,59],[50,35]],[[761,542],[15,-1],[44,-110],[-11,-77]],[[798,710],[-34,-80],[-3,-88]],[[653,446],[-38,14]],[[615,460],[-17,81],[-22,47],[21,42],[25,122]],[[809,354],[5,-13]],[[814,341],[0,-118],[-16,-30]],[[798,193],[-92,35],[-56,-3],[-22,-26],[-55,-11],[-41,21]],[[535,480],[29,-27],[51,7]],[[189,305],[-23,50],[-37,32],[-22,70],[-37,1],[-70,52],[28,38]],[[867,643],[-26,-104],[14,-87]],[[855,452],[-41,-111]],[[907,191],[-109,2]],[[855,452],[32,-149],[30,-10],[7,-53],[-17,-49]]],"transform":{"scale":[0.006367708333333333,0.004215673141326187],"translate":[-8.619,4.344000000000008]},"objects":{"units":{"type":"GeometryCollection","geometries":[{"arcs":[[0,1,2,3,4,5]],"type":"Polygon","properties":{"name":"Savanes","fips":""}},{"arcs":[[-5,6,7,8]],"type":"Polygon","properties":{"name":"Denguélé","fips":"IV23"}},{"arcs":[[9,10,11,-8]],"type":"Polygon","properties":{"name":"Bafing","fips":"IV26"}},{"arcs":[[12,13,14,15,-11]],"type":"Polygon","properties":{"name":"Dix-Huit Montagnes","fips":"IV36"}},{"arcs":[[16,17,18,-13,-10,-7,-4]],"type":"Polygon","properties":{"name":"Worodougou","fips":"IV25"}},{"arcs":[[19,20,21,-18,22]],"type":"Polygon","properties":{"name":"Marahoué","fips":"IV34"}},{"arcs":[[23,24,25,26,27,-21]],"type":"Polygon","properties":{"name":"Fromager","fips":"IV18"}},{"arcs":[[-22,-28,28,29,-14,-19]],"type":"Polygon","properties":{"name":"Haut-Sassandra","fips":""}},{"arcs":[[30,31,32,-26]],"type":"Polygon","properties":{"name":"Sud-Bandama","fips":"IV29"}},{"arcs":[[-27,-33,33,34,-29]],"type":"Polygon","properties":{"name":"Bas-Sassandra","fips":"IV32"}},{"arcs":[[35,36,37,38,-2,39]],"type":"Polygon","properties":{"name":"Zanzan","fips":"IV11"}},{"arcs":[[-39,40,41,-23,-17,-3]],"type":"Polygon","properties":{"name":"Vallée du Bandama","fips":"IV20"}},{"arcs":[[42,43,44]],"type":"Polygon","properties":{"name":"Agnéby","fips":"IV06"}},{"arcs":[[45,-44,46,47,-41,-38]],"type":"Polygon","properties":{"name":"N'zi-Comoé","fips":"IV27"}},{"arcs":[[-47,-43,48,49,50,-31,-25,51]],"type":"Polygon","properties":{"name":"Lagunes","fips":"IV61"}},{"arcs":[[-30,-35,52,-15]],"type":"Polygon","properties":{"name":"Moyen-Cavally","fips":""}},{"arcs":[[53,54,-49,-45,-46,-37]],"type":"Polygon","properties":{"name":"Moyen-Comoe","fips":""}},{"arcs":[[-48,-52,-24,-20,-42]],"type":"Polygon","properties":{"name":"Lacs","fips":"IV56"}},{"arcs":[[55,-50,-55,56]],"type":"Polygon","properties":{"name":"Sud-Comoé","fips":"IV63"}}]}}}