{"type":"Topology","arcs":[[[177,1513],[-73,-103]],[[104,1410],[-55,-19]],[[49,1391],[21,65],[-28,72],[-42,-12],[18,89],[27,32],[35,2]],[[80,1639],[63,-116],[34,-10]],[[262,1715],[-6,-38],[-45,-59],[19,-28],[-17,-65],[-36,-12]],[[80,1639],[18,112],[68,57],[8,-72],[88,-21]],[[269,1215],[8,-61],[-19,-69],[-50,-68],[0,-68],[19,-27]],[[227,922],[-65,-84],[-30,23],[3,36],[32,82],[-14,75],[26,72],[-7,184],[-50,38],[-47,-24],[-29,51],[3,16]],[[104,1410],[125,-12],[24,26]],[[253,1424],[17,-65],[-1,-144]],[[985,350],[49,-62]],[[1034,288],[18,-58],[-29,-30],[-43,56],[-26,-60],[26,-72]],[[980,124],[-58,-28],[28,-61],[-40,-35],[-57,57],[-29,-14],[-25,57],[36,19],[26,131],[-22,37],[24,69]],[[863,356],[75,8],[14,-41],[33,27]],[[1094,561],[11,-25]],[[1105,536],[-52,-53],[-23,-50],[3,-49],[-48,-34]],[[863,356],[9,49],[-32,31],[-4,57]],[[836,493],[58,-28],[55,25],[79,53],[17,50]],[[1045,593],[49,-32]],[[990,733],[21,-16],[0,-63],[34,-61]],[[836,493],[-49,22],[-19,47],[-37,55],[1,69],[-2,30]],[[730,716],[18,33],[58,-7],[78,13],[106,-22]],[[441,1036],[28,-37]],[[469,999],[-77,-69],[-77,86],[-8,-4]],[[307,1012],[14,55],[62,-44],[58,13]],[[416,1278],[25,-27],[56,-19],[38,6],[60,-33],[0,-31]],[[595,1174],[-63,12],[0,-70],[-19,-19],[-85,-10],[13,-51]],[[307,1012],[-80,-90]],[[269,1215],[45,79],[43,1],[32,-39],[27,22]],[[644,1369],[-17,-51],[-37,-40],[63,-50]],[[653,1228],[-21,-66],[-37,12]],[[416,1278],[-12,50],[44,69],[29,23]],[[477,1420],[53,-11],[50,38],[25,-58],[39,-20]],[[709,1593],[-11,-26],[65,-105],[-2,-24],[-22,-47],[-47,-45],[-48,23]],[[477,1420],[-3,62],[19,32],[-2,94],[26,20]],[[517,1628],[43,-32],[17,42],[45,29],[37,-18],[50,-56]],[[491,1636],[26,-8]],[[253,1424],[69,38],[-1,75],[31,63],[-5,68]],[[347,1668],[31,-22],[66,65]],[[444,1711],[47,-75]],[[262,1715],[8,15]],[[270,1730],[77,-62]],[[317,2009],[74,-118],[10,-58],[46,19],[-3,-141]],[[270,1730],[-15,19],[5,119],[-37,100],[21,52],[73,-11]],[[796,1113],[-14,-39],[28,-49]],[[810,1025],[-20,-61],[-47,3],[-44,54],[-18,-11],[-24,-77]],[[657,933],[-12,38],[-32,70],[-95,30],[-16,-35],[-33,-37]],[[653,1228],[73,-74],[70,-41]],[[864,959],[21,-73],[105,-153]],[[730,716],[11,101],[-84,116]],[[810,1025],[54,-66]],[[1163,265],[2,-80],[-16,-38],[-74,-52],[-51,31],[-44,-2]],[[1034,288],[17,27],[70,0],[42,-50]],[[1152,505],[-43,-70],[33,-63],[32,-22],[13,-46],[-24,-39]],[[1105,536],[47,-31]]],"transform":{"scale":[0.006367312552653742,0.004218316831683169],"translate":[100.09899999999999,13.924999999999997]},"objects":{"units":{"type":"GeometryCollection","geometries":[{"arcs":[[0,1,2,3]],"type":"Polygon","properties":{"name":"Bokeo","fips":"LA22"}},{"arcs":[[4,-4,5]],"type":"Polygon","properties":{"name":"Louang Namtha","fips":"LA16"}},{"arcs":[[6,7,-2,8,9]],"type":"Polygon","properties":{"name":"Xaignabouri","fips":"LA13"}},{"arcs":[[10,11,12,13]],"type":"Polygon","properties":{"name":"Champasak","fips":"LA02"}},{"arcs":[[14,15,-14,16,17,18]],"type":"Polygon","properties":{"name":"Saravan","fips":"LA19"}},{"arcs":[[19,-18,20,21]],"type":"Polygon","properties":{"name":"Savannakhét","fips":"LA20"}},{"arcs":[[22,23,24]],"type":"Polygon","properties":{"name":"Vientiane [prefecture]","fips":"LA00"}},{"arcs":[[25,26,-25,27,-7,28]],"type":"Polygon","properties":{"name":"Vientiane","fips":"LA27"}},{"arcs":[[29,30,-26,31,32]],"type":"Polygon","properties":{"name":"Xiangkhoang","fips":"LA14"}},{"arcs":[[33,-33,34,35]],"type":"Polygon","properties":{"name":"Houaphan","fips":"LA03"}},{"arcs":[[36,-35,-32,-29,-10,37,38,39]],"type":"Polygon","properties":{"name":"Louangphrabang","fips":"LA17"}},{"arcs":[[-38,-9,-1,-5,40,41]],"type":"Polygon","properties":{"name":"Oudômxai","fips":"LA07"}},{"arcs":[[42,-39,-42,43]],"type":"Polygon","properties":{"name":"Phôngsali","fips":"LA18"}},{"arcs":[[44,45,46,-23,-27,-31,47]],"type":"Polygon","properties":{"name":"Bolikhamxai","fips":"LA00"}},{"arcs":[[48,-22,49,-46,50]],"type":"Polygon","properties":{"name":"Khammouan","fips":"LA15"}},{"arcs":[[51,-12,52]],"type":"Polygon","properties":{"name":"Attapu","fips":"LA01"}},{"arcs":[[53,-53,-11,-16,54]],"type":"Polygon","properties":{"name":"Xékong","fips":"LA26"}}]}}}