{"type":"Topology","arcs":[[[1709,2099],[-32,-49],[-26,-59],[-51,-59],[-23,-36],[-15,-64],[-34,-15],[-37,15],[-24,-17],[-38,-64],[-45,-53],[-33,-63],[-25,-68],[17,-35],[33,-34],[44,-12],[21,-14],[2,-39],[-14,-24],[-22,-5],[-42,15],[-59,38],[-37,-4],[-34,-33],[-24,0],[-32,39],[-40,-35],[-60,-29],[-26,-59],[-37,-42],[-54,-110],[0,-52],[-25,-20],[-3,-40],[40,-19],[63,-40],[29,-40],[-4,-33],[-17,-28],[-45,-35],[-53,-11],[-13,-24],[15,-38],[-18,-59],[-56,-57],[-28,-22]],[[847,666],[-72,17],[-30,68],[-45,29],[-14,-11],[-47,-83],[-31,6]],[[608,692],[-17,73],[-7,68]],[[584,833],[28,53],[16,88],[21,67],[66,134],[32,47],[-19,24],[31,61],[32,0],[8,36],[-38,37],[74,119],[25,65],[65,82],[12,9],[32,65],[51,137],[5,112],[10,42]],[[1035,2011],[37,13],[23,53],[8,65],[42,71],[36,50],[12,58],[55,74],[30,86],[-3,28],[31,71],[51,52],[41,16]],[[1398,2648],[102,-2],[15,-7],[19,-53],[67,-61],[25,-33],[-17,-95],[9,-30],[36,-64],[24,-5],[4,-39],[-20,-44],[13,-61],[34,-55]],[[1035,2011],[-33,8],[-58,36],[-17,-20],[-29,9],[-46,41],[-58,-9],[-69,0],[-75,51],[-31,5]],[[619,2132],[9,123],[14,48],[27,31],[20,-20],[18,37],[33,97],[62,46],[21,37],[-22,44],[111,35],[91,112],[7,25],[1,87],[-10,69],[-12,22],[33,-9],[44,-31],[84,4],[50,-6],[25,15],[26,-20],[69,5],[22,22],[8,68],[24,22],[17,-17],[26,-64],[24,-27],[26,-13],[56,13],[-5,-57],[-36,11],[-17,-15],[-6,-77],[-53,-46],[-20,-27],[12,-28]],[[509,1560],[-14,-62],[-23,-19],[-37,6]],[[435,1485],[-15,68],[35,16],[19,-15],[35,6]],[[584,833],[7,52],[-23,33],[4,69],[-8,22],[-44,-13],[-21,-25],[-71,-24],[-45,7],[-28,20],[-40,4]],[[315,978],[37,132],[14,76],[18,38],[44,149],[7,112]],[[509,1560],[27,7],[24,64],[1,26],[23,63],[26,3],[-11,46],[0,44],[18,81],[6,57],[-21,62],[-3,88],[20,31]],[[847,666],[-28,-22],[-17,-29],[-22,-61],[-20,-27],[-28,-22],[-51,-15],[-66,-86],[-35,-11],[-29,-33],[-27,55],[-14,-2],[-24,-68],[-9,-40],[-2,-90],[-7,-48],[-31,-81],[-5,-29],[-35,-4],[-54,-31],[-65,-22],[-14,2],[-30,59],[-19,18]],[[215,79],[3,75],[17,55],[18,0],[16,46],[33,15],[-10,29],[30,26],[43,81],[0,47],[-76,28],[-19,26],[3,40],[-29,37],[6,36],[31,11],[18,-36],[28,79],[-11,22],[15,33],[29,12],[4,32],[64,12],[59,30],[-6,-66],[1,-143],[21,-68],[19,60],[33,6],[12,29],[31,35],[10,24]],[[215,79],[-21,4],[-42,-19],[-30,8],[-25,-21],[-91,10],[-6,22],[28,58],[27,13],[30,55],[34,101],[5,55],[-24,46],[25,24],[17,35],[22,81],[6,99],[29,64],[-5,24],[59,60],[30,43],[32,137]]],"transform":{"scale":[0.0008800468110005963,0.0005449081803005025],"translate":[35.099999999999994,33.056]},"objects":{"units":{"type":"GeometryCollection","geometries":[{"arcs":[[0,1,2,3,4,5]],"type":"Polygon","properties":{"name":"Beqaa","fips":"LE11"}},{"arcs":[[-5,6,7]],"type":"Polygon","properties":{"name":"North Lebanon","fips":"LE09"}},{"arcs":[[8,9]],"type":"Polygon","properties":{"name":"Beirut","fips":"LE04"}},{"arcs":[[-4,10,11,-9,12,-7]],"type":"Polygon","properties":{"name":"Mount Lebanon","fips":"LE05"}},{"arcs":[[-2,13,14]],"type":"Polygon","properties":{"name":"An Nabatiyah","fips":"LE07"}},{"arcs":[[-3,-15,15,-11]],"type":"Polygon","properties":{"name":"South Lebanon","fips":"LE06"}}]}}}