{"type":"Topology","arcs":[[[147,1211],[18,-22],[103,17],[89,3]],[[357,1209],[-4,-76],[-72,-31],[-47,-83]],[[234,1019],[-52,11],[-41,-16]],[[141,1014],[-65,18]],[[76,1032],[-12,57],[17,109],[20,23],[46,-10]],[[97,753],[2,-48],[38,-62]],[[137,643],[20,-27]],[[157,616],[-22,-20],[0,-112]],[[135,484],[3,-52],[35,-10]],[[173,422],[-18,-48]],[[155,374],[-63,-59]],[[92,315],[-30,100],[-25,205],[-21,70],[-16,112],[21,47]],[[21,849],[26,-22],[45,10],[5,-84]],[[202,752],[-54,-68],[-11,-41]],[[97,753],[61,4]],[[158,757],[44,-5]],[[341,574],[-38,-113]],[[303,461],[-61,39],[-44,-26],[-25,-52]],[[135,484],[66,53],[-24,60]],[[177,597],[42,29],[29,-10],[71,23],[22,-65]],[[141,1014],[3,-97],[25,-64],[4,-63],[-15,-33]],[[21,849],[-7,108],[62,75]],[[234,1019],[20,-19],[17,-124]],[[271,876],[-27,-13],[-14,-84],[-28,-27]],[[303,461],[14,-28]],[[317,433],[-49,-95]],[[268,338],[-13,-14],[-100,50]],[[425,371],[-18,-28],[-6,-89],[-24,-111]],[[377,143],[-1,-3]],[[376,140],[-75,-21],[-21,-14],[-11,-25]],[[269,80],[-73,-18],[-65,23]],[[131,85],[30,82],[47,2],[80,126]],[[288,295],[92,60],[9,31]],[[389,386],[36,-15]],[[268,338],[20,-43]],[[131,85],[-45,123],[6,107]],[[1631,1022],[-77,-40],[-48,-50],[-21,-66],[11,-88],[-29,-11],[-106,-80],[-88,-32]],[[1273,655],[-13,39],[-60,3],[-3,61],[-21,19],[18,93],[-11,34],[25,113],[28,17],[88,109],[20,44],[34,129],[37,169],[43,91]],[[1458,1576],[117,-398],[11,-8],[45,-148]],[[451,558],[24,-6],[18,-65],[32,-47]],[[525,440],[-9,-39],[-55,-48],[-36,18]],[[389,386],[-27,58],[-45,-11]],[[341,574],[21,14]],[[362,588],[33,-75],[56,45]],[[675,1094],[6,-143],[-32,-46]],[[649,905],[-132,-36],[-67,-49],[-51,5],[-91,47]],[[308,872],[-37,4]],[[357,1209],[72,-28],[140,-21],[61,12],[45,-78]],[[938,405],[-76,-17],[-27,20],[-55,-40],[-54,-60]],[[726,308],[-13,120],[-59,18],[-59,-21],[-14,42],[-56,-27]],[[451,558],[7,88],[114,122]],[[572,768],[221,24],[-15,-85],[1,-79],[-28,-45],[41,-46],[40,-10],[41,-61],[50,-16],[15,-45]],[[362,588],[23,101],[-77,50],[26,35],[-26,98]],[[649,905],[-77,-137]],[[177,597],[-20,19]],[[1707,88],[30,-20],[56,19],[55,-37],[-52,-46],[-89,-4],[-37,43],[37,45]],[[1273,655],[-40,-11],[-59,-49],[-94,-25],[-79,-55],[-11,-43],[-52,-67]],[[675,1094],[68,35],[25,87],[90,163],[151,110],[297,60],[151,31],[1,-4]],[[376,140],[-36,-46],[-27,17],[-24,-1],[-20,-30]],[[726,308],[-98,-48],[-73,1],[-89,-22],[-42,-65],[-47,-31]]],"transform":{"scale":[0.006370129870129865,0.004215822784810128],"translate":[42.69900000000001,12.335000000000008]},"objects":{"units":{"type":"GeometryCollection","geometries":[{"type":null,"properties":{"name":"","fips":""}},{"arcs":[[0,1,2,3,4]],"type":"Polygon","properties":{"name":"Sa`dah","fips":"YM15"}},{"arcs":[[5,6,7,8,9,10,11,12]],"type":"Polygon","properties":{"name":"Al Hudaydah","fips":"YM08"}},{"arcs":[[13,-6,14,15]],"type":"Polygon","properties":{"name":"Al Mahwit","fips":"YM10"}},{"arcs":[[16,17,-9,18,19]],"type":"Polygon","properties":{"name":"Dhamar","fips":"YM11"}},{"arcs":[[20,-15,-13,21,-4]],"type":"Polygon","properties":{"name":"Hajjah","fips":"YM22"}},{"arcs":[[22,23,-16,-21,-3]],"type":"Polygon","properties":{"name":"Amran","fips":"YM00"}},{"arcs":[[24,25,26,-10,-18]],"type":"Polygon","properties":{"name":"Ibb","fips":"YM23"}},{"arcs":[[27,28,29,30,31,32,33]],"type":"Polygon","properties":{"name":"Lahij","fips":"YM24"}},{"arcs":[[34,-32,35,-11,-27]],"type":"Polygon","properties":{"name":"Ta`izz","fips":"YM25"}},{"arcs":[[36,37,38]],"type":"Polygon","properties":{"name":"Al Mahrah","fips":"YM03"}},{"arcs":[[39,40,-34,41,-25,-17,42,43]],"type":"Polygon","properties":{"name":"Al Bayda'","fips":"YM20"}},{"arcs":[[-33,-35,-26,-42]],"type":"Polygon","properties":{"name":"Al Dali'","fips":"YM00"}},{"arcs":[[44,45,46,-23,-2,47]],"type":"Polygon","properties":{"name":"Al Jawf","fips":"YM21"}},{"arcs":[[48,49,-40,50,51]],"type":"Polygon","properties":{"name":"Shabwah","fips":"YM05"}},{"arcs":[[-51,-44,52,-46,53]],"type":"Polygon","properties":{"name":"Ma'rib","fips":"YM14"}},{"arcs":[[-53,-43,-20,54,-7,-14,-24,-47]],"type":"Polygon","properties":{"name":"Sana'a","fips":"YM16"}},{"arcs":[[[55]],[[56,-52,-54,-45,57,-38]]],"type":"MultiPolygon","properties":{"name":"Hadramawt","fips":"YM04"}},{"type":null,"properties":{"name":"Amanat Al Asimah","fips":""}},{"arcs":[[-55,-19,-8]],"type":"Polygon","properties":{"name":"Raymah","fips":""}},{"arcs":[[-30,58]],"type":"Polygon","properties":{"name":"`Adan","fips":"YM01"}},{"arcs":[[59,-28,-41,-50]],"type":"Polygon","properties":{"name":"Abyan","fips":""}}]}}}