{"type":"Topology","arcs":[[[1331,1556],[-33,-77],[-72,-17],[2,-61]],[[1228,1401],[-56,-42],[-65,-10],[-31,67],[-53,56],[-22,97],[13,24],[31,196],[-2,135],[7,31],[-24,105],[32,17],[45,75],[22,74],[-40,47],[108,25]],[[1193,2298],[-38,-64],[-34,-110],[34,-26],[3,-73],[71,-45],[20,-85],[-77,-72],[-17,-126],[48,40],[23,-17],[30,-102],[25,-3],[50,-59]],[[1442,2247],[59,-27],[21,-50],[41,-5],[33,-32],[13,-15]],[[1609,2118],[16,-78],[-49,10],[-70,-36],[-33,16],[-39,-60],[36,-101],[33,-30],[0,-59],[-34,-13],[-26,-62],[-51,-43],[-22,-55],[-39,-51]],[[1193,2298],[156,36],[-3,-65],[38,-15],[36,-57],[22,50]],[[1484,1098],[-49,-46],[-39,-71],[-121,-1],[30,-65],[-40,-56],[2,-54]],[[1267,805],[-24,2],[-169,-115],[-65,0],[-18,-46],[-68,19],[7,-64],[-23,-28]],[[907,573],[-35,38],[-40,-53],[-8,51],[-41,6],[-35,32],[-223,9]],[[525,656],[21,66],[-5,34],[19,69]],[[560,825],[12,7],[118,-22],[33,49],[54,8],[3,135],[-15,29]],[[765,1031],[78,-5],[18,-37],[31,58],[25,-12],[21,-52],[113,16],[-1,27],[62,83]],[[1112,1109],[17,-11],[63,50],[35,-47],[1,300]],[[1228,1401],[31,37],[26,-48],[53,-26],[10,-62],[31,-22],[-2,-48],[58,-41],[36,8],[13,-101]],[[765,1031],[1,66],[37,104],[-34,27],[1,59],[62,69],[49,25]],[[881,1381],[118,-50],[38,-104],[13,10],[62,-128]],[[1811,1350],[-22,-35],[-55,-22],[-5,-137],[-14,-38],[-28,-53],[51,-100],[24,-4],[-243,-120],[-38,-27],[-94,-32],[-94,-51]],[[1293,731],[-26,74]],[[1484,1098],[76,96],[24,58],[11,79],[24,60],[39,31],[86,28],[34,73]],[[1778,1523],[-8,-102],[12,-53],[29,-18]],[[1293,731],[24,-93],[4,-62],[-15,-1],[-72,6],[-68,-23],[-72,-58]],[[1094,500],[-32,2],[-55,39],[-100,32]],[[560,825],[-80,-12],[-12,20],[20,72],[-84,63],[-52,18],[-33,-21],[-52,1],[-51,-35],[-82,63],[-21,-27],[-73,73],[-40,-4]],[[0,1036],[0,165],[317,0],[-21,50],[26,96],[-11,45],[0,137],[16,53],[-15,124],[25,-41],[40,-18],[-11,-68],[40,-9],[17,24],[95,34],[11,-106],[79,-35],[22,-26],[66,-2],[36,-17],[51,27],[7,62],[64,-74],[27,-76]],[[1094,500],[-14,-102],[-15,-34],[-63,-5],[-46,-66],[-33,-13],[-49,-59],[-32,-67],[4,-26],[-44,-60],[-10,-42],[-49,-26],[-80,42],[-35,-26],[-47,44],[-66,4],[-46,56]],[[469,120],[20,102],[29,53],[-4,47],[-40,38],[46,60],[7,70],[-17,99],[15,67]],[[469,120],[-44,16],[-73,3],[-132,-38],[-98,115],[-66,114],[-29,18],[-26,102],[-1,251],[0,335]],[[1718,2053],[8,-46],[38,-30],[15,-68],[35,-51],[22,-81],[-60,-96],[16,-45],[-26,-60],[12,-53]],[[1609,2118],[76,-36],[33,-29]]],"transform":{"scale":[0.006369281045751627,0.004217652099400175],"translate":[21.980000000000018,-18.066000000000003]},"objects":{"units":{"type":"GeometryCollection","geometries":[{"arcs":[[0,1,2]],"type":"Polygon","properties":{"name":"Luapula","fips":"ZA04"}},{"arcs":[[3,4,-3,5]],"type":"Polygon","properties":{"name":"Northern","fips":"ZA05"}},{"arcs":[[6,7,8,9,10,11,12,13]],"type":"Polygon","properties":{"name":"Central","fips":"ZA02"}},{"arcs":[[-12,14,15]],"type":"Polygon","properties":{"name":"Copperbelt","fips":"ZA08"}},{"arcs":[[16,17,-7,18,19]],"type":"Polygon","properties":{"name":"Eastern","fips":"ZA03"}},{"arcs":[[-18,20,21,-8]],"type":"Polygon","properties":{"name":"Lusaka","fips":"ZA02"}},{"arcs":[[-15,-11,22,23]],"type":"Polygon","properties":{"name":"North-Western","fips":"ZA06"}},{"arcs":[[-22,24,25,-9]],"type":"Polygon","properties":{"name":"Southern","fips":"ZA07"}},{"arcs":[[-10,-26,26,-23]],"type":"Polygon","properties":{"name":"Western","fips":"ZA01"}},{"arcs":[[27,-19,-14,-1,-5,28]],"type":"Polygon","properties":{"name":"Muchinga","fips":"ZA10"}}]}}}